,ALLSKY_SFC_SW_DWN,PRECTOTCORR,PS,RH2M,T2M,WS2M,PREC_lag1,PREC_lag2,PREC_lag4,PREC_lag8,T2M_lag1,T2M_lag2,T2M_lag4,T2M_lag8,RH2M_lag1,RH2M_lag2,RH2M_lag4,RH2M_lag8,PREC_roll4_mean,PREC_roll4_std,PREC_roll12_mean,PREC_roll12_std,T2M_roll4_mean,T2M_roll12_mean,week_sin,week_cos,None_lag1,D0_lag1,D1_lag1,D2_lag1,D3_lag1,D4_lag1,None_lag2,D0_lag2,D1_lag2,D2_lag2,D3_lag2,D4_lag2,heat_dry_stress
ALLSKY_SFC_SW_DWN,1.0,0.22316992839061275,0.4152697022035035,0.4451916203898308,0.8672400634431741,0.09508375815941654,0.3985764392952309,0.4100816015493618,0.3453302323885917,0.21418047128678047,0.7790922302886194,0.7170062611574464,0.5700702370770768,0.1762064771182717,0.2561718034479253,0.2157790454540596,0.1856460551450738,0.04402379511328379,0.5550763065588046,0.3379991535071953,0.46293444064965944,0.2490060851484955,0.7019783997455336,0.341560605192812,0.07964924500998097,0.9336239927804362,0.06135473582104958,0.06135473582104958,0.06053629772721935,0.0006947488416417548,0.016344154001120815,0.03079291036955661,0.04177880370285362,0.04177880370285362,0.0631274579128875,0.0023712716557378975,0.024407639338478476,0.04127209851095248,0.8361836551621084
PRECTOTCORR,0.22316992839061275,1.0,0.3508360072618881,0.35003149204967143,0.38563271245408137,0.07294652481858668,0.32607948857607477,0.28326574669202614,0.19451793100365652,0.11344878366274985,0.4019003334338195,0.38397746618688344,0.31704043698673356,0.13321381218234654,0.0005196958997252951,0.0377111014540182,0.06347938322827014,0.0298602539727938,0.3720408516024629,0.2722516714582957,0.2927898430617091,0.24661965612326334,0.3743821029513886,0.21987278628975707,0.016871343337378438,0.46489668815578944,0.06336028122239953,0.06336028122239953,0.02030742031420076,0.04868631172594512,0.028963277312338283,0.03045552309304289,0.05519963596631939,0.05519963596631939,0.0022379303969247036,0.042723034995013974,0.026517479515376644,0.036116848739728376,0.17128718540889892
PS,0.4152697022035035,0.3508360072618881,1.0,0.08608701992195894,0.44174278869095013,0.2903325648082204,0.20720951218682374,0.14097903625838495,0.18450654286313736,0.07557467628753398,0.334700094249464,0.2751652363259172,0.18543897952118824,0.040369606334964496,0.10154607520884783,0.11597579744358302,0.061323196861006464,0.012948322985253889,0.23797661518459065,0.175198238680481,0.109018700782974,0.06189976294706332,0.2659691995769473,0.04124544545750303,0.18016587805357753,0.4351924457875128,0.04668897701542448,0.046688977015424474,0.020416756419257862,0.019095239536142426,0.012132943894655418,0.025111628682847227,0.04110944781065628,0.04110944781065628,0.01593331085673232,0.027848889092052975,0.01787969223167345,0.028503076214551927,0.3829480863033285
RH2M,0.4451916203898308,0.35003149204967143,0.08608701992195894,1.0,0.3507491850223825,0.17967099106151266,0.20797587156145755,0.09664106237758358,0.04732152396479761,0.027116614524464514,0.34185631527509497,0.31829890290517726,0.2950750627571915,0.1781587833652224,0.6636066446296961,0.5157173210452797,0.4473521609492279,0.3072843789110983,0.156863196096564,0.16872749941795423,0.09967178052394923,0.25036681105060754,0.3275357892204731,0.2362302289337867,0.08635351965741309,0.27367716817801735,0.26266703779132866,0.26266703779132866,0.30246373085905787,0.26107764520376814,0.18519794007232476,0.12004617018310366,0.24780195516873443,0.24780195516873443,0.2808698305536159,0.2372593553034648,0.15731997829140335,0.10578388422088328,0.6095009341655323
T2M,0.8672400634431741,0.38563271245408137,0.44174278869095013,0.3507491850223825,1.0,0.22280007094596277,0.3910203249711508,0.4387166481520145,0.42002515524052825,0.34625015200207665,0.9405791160673781,0.903946662623636,0.8171753486618626,0.517530462067035,0.3182681954168511,0.29060060005015875,0.26450441122936774,0.15442584140006999,0.6101158994265353,0.3960877913636781,0.6512685097641373,0.3824930880060491,0.9113795801707616,0.6702150974601587,0.29913506500934517,0.9041604361306993,0.1137337555917092,0.1137337555917092,0.030100516022048763,0.0016826506091061758,0.005446652201936563,0.002399122664467355,0.09828097871502632,0.09828097871502632,0.041491988339333465,0.004917922829333571,0.003767633779282922,0.008671120943775545,0.9255991555027814
WS2M,0.09508375815941654,0.07294652481858668,0.2903325648082204,0.17967099106151266,0.22280007094596277,1.0,0.18266375979915528,0.14478803910667418,0.14110719122508553,0.21007458720780722,0.26348574154588394,0.2971122425082356,0.34308620305367776,0.38035915833768547,0.049698307130384006,0.023277734545817403,0.04231278907472527,0.10706045268981015,0.2352244243806753,0.1665975616840361,0.38783944085533173,0.3212503111847108,0.3183602753813511,0.3900625824271084,0.3746156752309586,0.1619623909940662,0.10963509537458142,0.10963509537458142,0.04984534872778271,0.0004717294998779771,0.027437301195727595,0.046626140702507826,0.10789715458834621,0.10789715458834621,0.0422567212419226,0.0040551949239337375,0.029081865866090763,0.04338199903280884,0.15782279480958256
PREC_lag1,0.3985764392952309,0.32607948857607477,0.20720951218682374,0.20797587156145755,0.3910203249711508,0.18266375979915528,1.0,0.3282351759960412,0.21718197729859082,0.21235409919817544,0.3840959246691606,0.4004182019939749,0.3453256612406859,0.20088877732431623,0.3506920382767733,0.0020228307903377876,0.08790645448330349,0.012638457341216764,0.6655064137682313,0.5225541919251905,0.4479174176245823,0.3974490749311222,0.3904893206778977,0.2639147219658839,0.07211868168632914,0.4576847636241627,0.09215466147931198,0.09215466147931198,0.04330718819213378,0.06470197061426769,0.03363053685494759,0.029064576652413986,0.06370090853847846,0.06370090853847846,0.020873501471550752,0.04945417755267381,0.029459643310323295,0.030739864697106153,0.22969570713627618
PREC_lag2,0.4100816015493618,0.28326574669202614,0.14097903625838495,0.09664106237758358,0.4387166481520145,0.14478803910667418,0.3282351759960412,1.0,0.2842911396130015,0.14730982956348612,0.3951928062297537,0.3879154798800429,0.3871346470401009,0.25076036123904993,0.20464916564458482,0.3474303945293614,0.04162103981726464,0.05926293683979613,0.7074907557790319,0.5327569781011194,0.49723833823301256,0.42545144631344556,0.4066415937751048,0.307677845062519,0.12929143437990834,0.4495367514264076,0.16695585891539233,0.16695585891539233,0.09540869234784871,0.0916940033250103,0.06107757938637066,0.038621778487336306,0.0897332816222614,0.08973328162226141,0.041340848420788924,0.0629539939221615,0.032495222214787844,0.028440589060478486,0.30280172833001723
PREC_lag4,0.3453302323885917,0.19451793100365652,0.18450654286313736,0.04732152396479761,0.42002515524052825,0.14110719122508553,0.21718197729859082,0.2842911396130015,1.0,0.19451019496384758,0.42579599133165813,0.43723625373318464,0.3863864689729345,0.3185492932571363,0.07845142112894728,0.09859032118245345,0.34663458380479406,0.06876679577230135,0.6666104581600549,0.5330952396741823,0.5539291533112864,0.4515224676892733,0.42428493059201766,0.3744202186265041,0.23383656418627027,0.402838960506532,0.23839523855798359,0.23839523855798359,0.13443963893661098,0.10585543257381762,0.08008334868916435,0.0402967359171652,0.20870489273963014,0.20870489273963014,0.1224152510131365,0.09895928316639083,0.0679580785658686,0.036197745506535255,0.31852729567234594
PREC_lag8,0.21418047128678047,0.11344878366274985,0.07557467628753398,0.027116614524464514,0.34625015200207665,0.21007458720780722,0.21235409919817544,0.14730982956348612,0.19451019496384758,1.0,0.37902337486956494,0.38933496280753715,0.42157074170262754,0.3886747370188301,0.050839748585954976,0.03891656595775022,0.043783335772869456,0.3336190911940158,0.26330708703307487,0.25573887599015144,0.5678770171320378,0.4681365660425944,0.40865116601872803,0.44248426798978346,0.39885605810771957,0.24467368509049559,0.24527391947875193,0.24527391947875193,0.16700679242377156,0.12918467477770101,0.07622988926374287,0.04533521141334329,0.25602331537170986,0.25602331537170986,0.16331090601856924,0.12374275110082107,0.0775860224772888,0.04647663869959334,0.27569135653272653
T2M_lag1,0.7790922302886194,0.4019003334338195,0.334700094249464,0.34185631527509497,0.9405791160673781,0.26348574154588394,0.3840959246691606,0.3951928062297537,0.42579599133165813,0.37902337486956494,1.0,0.9407213970474625,0.8682344299800316,0.606364882702144,0.3520705005282464,0.3171126479843997,0.2821136384322378,0.18403867165854168,0.5979989797188966,0.39629331705447574,0.6867164777957867,0.4123248432508298,0.958703319160803,0.7556792760126089,0.40724527635360236,0.8600924921041843,0.11969281193181872,0.11969281193181872,0.020495177094614903,0.004524104260767111,0.016099537410977624,0.014679027203648463,0.11147028641172972,0.11147028641172972,0.031102561271399272,0.0013845594880906487,0.005635206616860257,0.0025033728147581193,0.8717363208817701
T2M_lag2,0.7170062611574464,0.38397746618688344,0.2751652363259172,0.31829890290517726,0.903946662623636,0.2971122425082356,0.4004182019939749,0.3879154798800429,0.43723625373318464,0.38933496280753715,0.9407213970474625,1.0,0.9043696268015639,0.6823843656632184,0.3434331698709512,0.35137609267320785,0.2948280494921866,0.20563181048532497,0.5896468153003306,0.40090190802757625,0.718249131971165,0.4396141554800902,0.9775652756086772,0.8251087734991948,0.5093704745282944,0.803383510300183,0.12463304661048358,0.12463304661048358,0.012777603051036633,0.009608528308920247,0.0249569305630723,0.02807955840725859,0.11699478277357193,0.11699478277357193,0.021787119129346322,0.005088485900324814,0.016447162131663428,0.014862138165633032,0.8376642905332717
T2M_lag4,0.5700702370770768,0.31704043698673356,0.18543897952118824,0.2950750627571915,0.8171753486618626,0.34308620305367776,0.3453256612406859,0.3871346470401009,0.3863864689729345,0.42157074170262754,0.8682344299800316,0.9043696268015639,1.0,0.8184100215416513,0.31480037522368765,0.3181132408924267,0.3543893326556704,0.27616528134651064,0.5541103218688692,0.39862451622340583,0.744919813277357,0.4806397946095679,0.958922068352837,0.923687757284375,0.6896091061591839,0.654919638692842,0.14441169666408185,0.14441169666408185,0.01064197689717749,0.015008455926999977,0.04394680839327965,0.052493471007384405,0.13447011110028773,0.13447011110028775,0.0028277120000423494,0.012766534071604916,0.036251143264391834,0.04093036808117654,0.7642848384993328
T2M_lag8,0.1762064771182717,0.13321381218234654,0.040369606334964496,0.1781587833652224,0.517530462067035,0.38035915833768547,0.20088877732431623,0.25076036123904993,0.3185492932571363,0.3886747370188301,0.606364882702144,0.6823843656632184,0.8184100215416513,1.0,0.20251836227977985,0.23418924380917308,0.30266719753815674,0.36633630082060975,0.3870212055546944,0.30804294241374175,0.676009705019396,0.4878347673476833,0.7385015134464256,0.9522043190963596,0.9173917226384719,0.25573592443547516,0.15124607688436748,0.15124607688436748,0.050215674304537515,0.022646776836266442,0.06566773034065448,0.09487375890190693,0.1496733025696544,0.1496733025696544,0.03846539749741867,0.023385850857247193,0.0639054149926448,0.0871392131830757,0.4930494570806878
RH2M_lag1,0.2561718034479253,0.0005196958997252951,0.10154607520884783,0.6636066446296961,0.3182681954168511,0.049698307130384006,0.3506920382767733,0.20464916564458482,0.07845142112894728,0.050839748585954976,0.3520705005282464,0.3434331698709512,0.31480037522368765,0.20251836227977985,1.0,0.6639003051782564,0.44861526940189195,0.342986802874907,0.2661277373004616,0.2679660706190594,0.15355664007292605,0.29254553114742404,0.3433742557953923,0.2670312880202125,0.12029862774213756,0.26127578626827647,0.30086965998263804,0.30086965998263804,0.3341916914904623,0.2942539621628671,0.2140558617952161,0.1345296794057187,0.2643850214151103,0.2643850214151103,0.3033213114754267,0.2613690902790169,0.18537139557499407,0.12012360868974238,0.4901431741191897
RH2M_lag2,0.2157790454540596,0.0377111014540182,0.11597579744358302,0.5157173210452797,0.29060060005015875,0.023277734545817403,0.0020228307903377876,0.3474303945293614,0.09859032118245345,0.03891656595775022,0.3171126479843997,0.35137609267320785,0.3181132408924267,0.23418924380917308,0.6639003051782564,1.0,0.5159767496416628,0.35224465212192724,0.23866421567246873,0.2361646075893192,0.15081356343404692,0.2741286179537127,0.34312671395386063,0.2894325922162423,0.15110505807643113,0.2422422387012694,0.3512175331541224,0.3512175331541224,0.37268902927812436,0.32331854013295935,0.24831749617995438,0.15860688434291464,0.30174067545051503,0.3017406754505151,0.3345098657366129,0.29395769406422434,0.2139083341200787,0.1344808524778223,0.4223755206574772
RH2M_lag4,0.1856460551450738,0.06347938322827014,0.061323196861006464,0.4473521609492279,0.26450441122936774,0.04231278907472527,0.08790645448330349,0.04162103981726464,0.34663458380479406,0.043783335772869456,0.2821136384322378,0.2948280494921866,0.3543893326556704,0.30266719753815674,0.44861526940189195,0.5159767496416628,1.0,0.4539732425800867,0.07843088994456364,0.07370524609455198,0.11999567104066072,0.20293934043981374,0.3234012077850371,0.3243614413052153,0.2094893264639558,0.19793295089956273,0.3836331344159032,0.3836331344159032,0.3831715256347242,0.34858308617876893,0.29142956983086027,0.18615168622009148,0.38129469622367723,0.38129469622367723,0.3864930362178097,0.3379428217332944,0.2704896612313899,0.16969393332791904,0.3711654870697627
RH2M_lag8,0.04402379511328379,0.0298602539727938,0.012948322985253889,0.3072843789110983,0.15442584140006999,0.10706045268981015,0.012638457341216764,0.05926293683979613,0.06876679577230135,0.3336190911940158,0.18403867165854168,0.20563181048532497,0.27616528134651064,0.36633630082060975,0.342986802874907,0.35224465212192724,0.4539732425800867,1.0,0.07017366874309264,0.07657025916175846,0.060926896392829825,0.07533438665953043,0.23705738854037903,0.33474873577433434,0.28832860780815256,0.07809146930566002,0.3303328708075111,0.33033287080751117,0.3602363241721308,0.3644421641690357,0.3099005081832868,0.2251754400202988,0.3467341636587175,0.3467341636587175,0.3680896612691476,0.36577522266192497,0.30616858360660404,0.21907352479415004,0.23359840213842692
PREC_roll4_mean,0.5550763065588046,0.3720408516024629,0.23797661518459065,0.156863196096564,0.6101158994265353,0.2352244243806753,0.6655064137682313,0.7074907557790319,0.6666104581600549,0.26330708703307487,0.5979989797188966,0.5896468153003306,0.5541103218688692,0.3870212055546944,0.2661277373004616,0.23866421567246873,0.07843088994456364,0.07017366874309264,1.0,0.7738528093929007,0.739447128467925,0.6264553002902569,0.5970940922920398,0.4694949892362294,0.2247730600726276,0.6331473330055988,0.25727275906232494,0.25727275906232494,0.1440228909633367,0.13142973985796474,0.08832433372985557,0.052465693534641165,0.1926323776643128,0.1926323776643128,0.10208643981576883,0.1105582503586713,0.06967648101961116,0.048868264332692875,0.4187847146699992
PREC_roll4_std,0.3379991535071953,0.2722516714582957,0.175198238680481,0.16872749941795423,0.3960877913636781,0.1665975616840361,0.5225541919251905,0.5327569781011194,0.5330952396741823,0.25573887599015144,0.39629331705447574,0.40090190802757625,0.39862451622340583,0.30804294241374175,0.2679660706190594,0.2361646075893192,0.07370524609455198,0.07657025916175846,0.7738528093929007,1.0,0.5957413339652244,0.6402691298106495,0.4126984406346423,0.36074743387733477,0.20375778293859545,0.3952529110224947,0.20810001670333958,0.20810001670333964,0.11116217206220723,0.09264464667340351,0.048574505014216195,0.018301013491922695,0.1522636229360217,0.15226362293602175,0.07444628073096786,0.07757857223814274,0.03577224807321027,0.012404312831374342,0.258128550415833
PREC_roll12_mean,0.46293444064965944,0.2927898430617091,0.109018700782974,0.09967178052394923,0.6512685097641373,0.38783944085533173,0.4479174176245823,0.49723833823301256,0.5539291533112864,0.5678770171320378,0.6867164777957867,0.718249131971165,0.744919813277357,0.676009705019396,0.15355664007292605,0.15081356343404692,0.11999567104066072,0.060926896392829825,0.739447128467925,0.5957413339652244,1.0,0.8350090487575602,0.7457152286480196,0.7453861173632199,0.5999737569102361,0.5417426008862612,0.41847671970815314,0.41847671970815314,0.2726831577445523,0.2188411366967885,0.14648172498367895,0.07509588300930314,0.3926770843358565,0.39267708433585663,0.24754254628006098,0.2046971910230887,0.1359581388999659,0.07461096053375436,0.48176367601583786
PREC_roll12_std,0.2490060851484955,0.24661965612326334,0.06189976294706332,0.25036681105060754,0.3824930880060491,0.3212503111847108,0.3974490749311222,0.42545144631344556,0.4515224676892733,0.4681365660425944,0.4123248432508298,0.4396141554800902,0.4806397946095679,0.4878347673476833,0.29254553114742404,0.2741286179537127,0.20293934043981374,0.07533438665953043,0.6264553002902569,0.6402691298106495,0.8350090487575602,1.0,0.4643104497465775,0.510852399422016,0.43607280470456816,0.3143190463746034,0.390297584468528,0.390297584468528,0.26356926741067954,0.2082144291374333,0.13088034705105497,0.06410902919105113,0.3577333268995334,0.3577333268995334,0.2341720514468158,0.19130112780294836,0.1179223818002703,0.060397059566026534,0.22988736269071433
T2M_roll4_mean,0.7019783997455336,0.3743821029513886,0.2659691995769473,0.3275357892204731,0.9113795801707616,0.3183602753813511,0.3904893206778977,0.4066415937751048,0.42428493059201766,0.40865116601872803,0.958703319160803,0.9775652756086772,0.958922068352837,0.7385015134464256,0.3433742557953923,0.34312671395386063,0.3234012077850371,0.23705738854037903,0.5970940922920398,0.4126984406346423,0.7457152286480196,0.4643104497465775,1.0,0.8742854490601166,0.5707622334721972,0.7882786464958547,0.1357428357570707,0.1357428357570707,0.006285043174832752,0.010755614419660935,0.03128068686291509,0.03516091738301912,0.12536861212484135,0.12536861212484135,0.017907714360043965,0.006791369349898715,0.021549315564067653,0.02233299610935873,0.847348102934335
T2M_roll12_mean,0.341560605192812,0.21987278628975707,0.04124544545750303,0.2362302289337867,0.6702150974601587,0.3900625824271084,0.2639147219658839,0.307677845062519,0.3744202186265041,0.44248426798978346,0.7556792760126089,0.8251087734991948,0.923687757284375,0.9522043190963596,0.2670312880202125,0.2894325922162423,0.3243614413052153,0.33474873577433434,0.4694949892362294,0.36074743387733477,0.7453861173632199,0.510852399422016,0.8742854490601166,1.0,0.8849978015868064,0.4301247000169514,0.15857626489097734,0.15857626489097734,0.037793609004154446,0.020638166790649587,0.061417149383800065,0.0819324604840905,0.15448250890238324,0.15448250890238324,0.02611885017226186,0.018848720857380145,0.05511951263214644,0.07243752514166503,0.6319182357362051
week_sin,0.07964924500998097,0.016871343337378438,0.18016587805357753,0.08635351965741309,0.29913506500934517,0.3746156752309586,0.07211868168632914,0.12929143437990834,0.23383656418627027,0.39885605810771957,0.40724527635360236,0.5093704745282944,0.6896091061591839,0.9173917226384719,0.12029862774213756,0.15110505807643113,0.2094893264639558,0.28832860780815256,0.2247730600726276,0.20375778293859545,0.5999737569102361,0.43607280470456816,0.5707622334721972,0.8849978015868064,1.0,0.009083709587866029,0.15603593612981112,0.15603593612981112,0.08064722789065412,0.009891010334775427,0.06108592479885272,0.09058335949712572,0.1618826010303886,0.1618826010303886,0.07195585962828295,0.011016923556216323,0.059953254183411867,0.08652406372515557,0.2873052974372898
week_cos,0.9336239927804362,0.46489668815578944,0.4351924457875128,0.27367716817801735,0.9041604361306993,0.1619623909940662,0.4576847636241627,0.4495367514264076,0.402838960506532,0.24467368509049559,0.8600924921041843,0.803383510300183,0.654919638692842,0.25573592443547516,0.26127578626827647,0.2422422387012694,0.19793295089956273,0.07809146930566002,0.6331473330055988,0.3952529110224947,0.5417426008862612,0.3143190463746034,0.7882786464958547,0.4301247000169514,0.009083709587866029,1.0,0.07396008843623395,0.07396008843623395,0.058471404605196585,0.004652309457246042,0.009171111789589865,0.030185396861805925,0.05375837311165253,0.05375837311165251,0.06780999257899328,0.002896975781538543,0.016831318826414553,0.04110567396293636,0.812107952725368
None_lag1,0.06135473582104958,0.06336028122239953,0.04668897701542448,0.26266703779132866,0.1137337555917092,0.10963509537458142,0.09215466147931198,0.16695585891539233,0.23839523855798359,0.24527391947875193,0.11969281193181872,0.12463304661048358,0.14441169666408185,0.15124607688436748,0.30086965998263804,0.3512175331541224,0.3836331344159032,0.3303328708075111,0.25727275906232494,0.20810001670333958,0.41847671970815314,0.390297584468528,0.1357428357570707,0.15857626489097734,0.15603593612981112,0.07396008843623395,1.0,1.0,0.7171305663907264,0.5098850737907863,0.3310837734068928,0.18227125030219457,0.9246991776759361,0.9246991776759361,0.7088252618039178,0.5093460640822927,0.3309756913720548,0.18227125030219504,0.0019110563322013577
D0_lag1,0.06135473582104958,0.06336028122239953,0.046688977015424474,0.26266703779132866,0.1137337555917092,0.10963509537458142,0.09215466147931198,0.16695585891539233,0.23839523855798359,0.24527391947875193,0.11969281193181872,0.12463304661048358,0.14441169666408185,0.15124607688436748,0.30086965998263804,0.3512175331541224,0.3836331344159032,0.33033287080751117,0.25727275906232494,0.20810001670333964,0.41847671970815314,0.390297584468528,0.1357428357570707,0.15857626489097734,0.15603593612981112,0.07396008843623395,1.0,1.0,0.7171305663907264,0.5098850737907863,0.3310837734068928,0.18227125030219457,0.9246991776759361,0.9246991776759361,0.7088252618039178,0.5093460640822928,0.33097569137205485,0.18227125030219504,0.0019110563322013595
D1_lag1,0.06053629772721935,0.02030742031420076,0.020416756419257862,0.30246373085905787,0.030100516022048763,0.04984534872778271,0.04330718819213378,0.09540869234784871,0.13443963893661098,0.16700679242377156,0.020495177094614903,0.012777603051036633,0.01064197689717749,0.050215674304537515,0.3341916914904623,0.37268902927812436,0.3831715256347242,0.3602363241721308,0.1440228909633367,0.11116217206220723,0.2726831577445523,0.26356926741067954,0.006285043174832752,0.037793609004154446,0.08064722789065412,0.058471404605196585,0.7171305663907264,0.7171305663907264,1.0,0.7578804356178873,0.49510206449788374,0.2728608153229429,0.7173713564249513,0.7173713564249513,0.9505659716566208,0.7536606149317685,0.4947431392216943,0.2728608153229428,0.13188845677720032
D2_lag1,0.0006947488416417548,0.04868631172594512,0.019095239536142426,0.26107764520376814,0.0016826506091061758,0.0004717294998779771,0.06470197061426769,0.0916940033250103,0.10585543257381762,0.12918467477770101,0.004524104260767111,0.009608528308920247,0.015008455926999977,0.022646776836266442,0.2942539621628671,0.32331854013295935,0.34858308617876893,0.3644421641690357,0.13142973985796474,0.09264464667340351,0.2188411366967885,0.2082144291374333,0.010755614419660935,0.020638166790649587,0.009891010334775427,0.004652309457246042,0.5098850737907863,0.5098850737907863,0.7578804356178873,1.0,0.6960592340134264,0.38593519653733804,0.5104957122411327,0.5104957122411327,0.7574164940176357,0.9665938399768692,0.6908319981598788,0.3859359637436178,0.09055117528043871
D3_lag1,0.016344154001120815,0.028963277312338283,0.012132943894655418,0.18519794007232476,0.005446652201936563,0.027437301195727595,0.03363053685494759,0.06107757938637066,0.08008334868916435,0.07622988926374287,0.016099537410977624,0.0249569305630723,0.04394680839327965,0.06566773034065448,0.2140558617952161,0.24831749617995438,0.29142956983086027,0.3099005081832868,0.08832433372985557,0.048574505014216195,0.14648172498367895,0.13088034705105497,0.03128068686291509,0.061417149383800065,0.06108592479885272,0.009171111789589865,0.3310837734068928,0.3310837734068928,0.49510206449788374,0.6960592340134264,1.0,0.6090977310318241,0.3314714766801279,0.3314714766801279,0.49533140712952073,0.6949105983904182,0.9520309690464477,0.6060533742742972,0.06830582953001114
D4_lag1,0.03079291036955661,0.03045552309304289,0.025111628682847227,0.12004617018310366,0.002399122664467355,0.046626140702507826,0.029064576652413986,0.038621778487336306,0.0402967359171652,0.04533521141334329,0.014679027203648463,0.02807955840725859,0.052493471007384405,0.09487375890190693,0.1345296794057187,0.15860688434291464,0.18615168622009148,0.2251754400202988,0.052465693534641165,0.018301013491922695,0.07509588300930314,0.06410902919105113,0.03516091738301912,0.0819324604840905,0.09058335949712572,0.030185396861805925,0.18227125030219457,0.18227125030219457,0.2728608153229429,0.38593519653733804,0.6090977310318241,1.0,0.18249169595615758,0.18249169595615758,0.2729981799896796,0.3859344670863203,0.6075774619359748,0.9384649620761049,0.04349576557230085
None_lag2,0.04177880370285362,0.05519963596631939,0.04110944781065628,0.24780195516873443,0.09828097871502632,0.10789715458834621,0.06370090853847846,0.0897332816222614,0.20870489273963014,0.25602331537170986,0.11147028641172972,0.11699478277357193,0.13447011110028773,0.1496733025696544,0.2643850214151103,0.30174067545051503,0.38129469622367723,0.3467341636587175,0.1926323776643128,0.1522636229360217,0.3926770843358565,0.3577333268995334,0.12536861212484135,0.15448250890238324,0.1618826010303886,0.05375837311165253,0.9246991776759361,0.9246991776759361,0.7173713564249513,0.5104957122411327,0.3314714766801279,0.18249169595615758,1.0,1.0,0.7175714970914479,0.5105020846549165,0.3314842222659039,0.1824916959561577,0.003208499103155162
D0_lag2,0.04177880370285362,0.05519963596631939,0.04110944781065628,0.24780195516873443,0.09828097871502632,0.10789715458834621,0.06370090853847846,0.08973328162226141,0.20870489273963014,0.25602331537170986,0.11147028641172972,0.11699478277357193,0.13447011110028775,0.1496733025696544,0.2643850214151103,0.3017406754505151,0.38129469622367723,0.3467341636587175,0.1926323776643128,0.15226362293602175,0.39267708433585663,0.3577333268995334,0.12536861212484135,0.15448250890238324,0.1618826010303886,0.05375837311165251,0.9246991776759361,0.9246991776759361,0.7173713564249513,0.5104957122411327,0.3314714766801279,0.18249169595615758,1.0,1.0,0.7175714970914479,0.5105020846549165,0.3314842222659039,0.1824916959561577,0.003208499103155167
D1_lag2,0.0631274579128875,0.0022379303969247036,0.01593331085673232,0.2808698305536159,0.041491988339333465,0.0422567212419226,0.020873501471550752,0.041340848420788924,0.1224152510131365,0.16331090601856924,0.031102561271399272,0.021787119129346322,0.0028277120000423494,0.03846539749741867,0.3033213114754267,0.3345098657366129,0.3864930362178097,0.3680896612691476,0.10208643981576883,0.07444628073096786,0.24754254628006098,0.2341720514468158,0.017907714360043965,0.02611885017226186,0.07195585962828295,0.06780999257899328,0.7088252618039178,0.7088252618039178,0.9505659716566208,0.7574164940176357,0.49533140712952073,0.2729981799896796,0.7175714970914479,0.7175714970914479,1.0,0.7582647518785299,0.49535198882673537,0.27299844514665905,0.13141304164114212
D2_lag2,0.0023712716557378975,0.042723034995013974,0.027848889092052975,0.2372593553034648,0.004917922829333571,0.0040551949239337375,0.04945417755267381,0.0629539939221615,0.09895928316639083,0.12374275110082107,0.0013845594880906487,0.005088485900324814,0.012766534071604916,0.023385850857247193,0.2613690902790169,0.29395769406422434,0.3379428217332944,0.36577522266192497,0.1105582503586713,0.07757857223814274,0.2046971910230887,0.19130112780294836,0.006791369349898715,0.018848720857380145,0.011016923556216323,0.002896975781538543,0.5093460640822927,0.5093460640822928,0.7536606149317685,0.9665938399768692,0.6949105983904182,0.3859344670863203,0.5105020846549165,0.5105020846549165,0.7582647518785299,1.0,0.6960592340134248,0.3859351965373382,0.07568188374955896
D3_lag2,0.024407639338478476,0.026517479515376644,0.01787969223167345,0.15731997829140335,0.003767633779282922,0.029081865866090763,0.029459643310323295,0.032495222214787844,0.0679580785658686,0.0775860224772888,0.005635206616860257,0.016447162131663428,0.036251143264391834,0.0639054149926448,0.18537139557499407,0.2139083341200787,0.2704896612313899,0.30616858360660404,0.06967648101961116,0.03577224807321027,0.1359581388999659,0.1179223818002703,0.021549315564067653,0.05511951263214644,0.059953254183411867,0.016831318826414553,0.3309756913720548,0.33097569137205485,0.4947431392216943,0.6908319981598788,0.9520309690464477,0.6075774619359748,0.3314842222659039,0.3314842222659039,0.49535198882673537,0.6960592340134248,1.0,0.6090977310318223,0.0479661567853144
D4_lag2,0.04127209851095248,0.036116848739728376,0.028503076214551927,0.10578388422088328,0.008671120943775545,0.04338199903280884,0.030739864697106153,0.028440589060478486,0.036197745506535255,0.04647663869959334,0.0025033728147581193,0.014862138165633032,0.04093036808117654,0.0871392131830757,0.12012360868974238,0.1344808524778223,0.16969393332791904,0.21907352479415004,0.048868264332692875,0.012404312831374342,0.07461096053375436,0.060397059566026534,0.02233299610935873,0.07243752514166503,0.08652406372515557,0.04110567396293636,0.18227125030219504,0.18227125030219504,0.2728608153229428,0.3859359637436178,0.6060533742742972,0.9384649620761049,0.1824916959561577,0.1824916959561577,0.27299844514665905,0.3859351965373382,0.6090977310318223,1.0,0.027957205392792367
heat_dry_stress,0.8361836551621084,0.17128718540889892,0.3829480863033285,0.6095009341655323,0.9255991555027814,0.15782279480958256,0.22969570713627618,0.30280172833001723,0.31852729567234594,0.27569135653272653,0.8717363208817701,0.8376642905332717,0.7642848384993328,0.4930494570806878,0.4901431741191897,0.4223755206574772,0.3711654870697627,0.23359840213842692,0.4187847146699992,0.258128550415833,0.48176367601583786,0.22988736269071433,0.847348102934335,0.6319182357362051,0.2873052974372898,0.812107952725368,0.0019110563322013577,0.0019110563322013595,0.13188845677720032,0.09055117528043871,0.06830582953001114,0.04349576557230085,0.003208499103155162,0.003208499103155167,0.13141304164114212,0.07568188374955896,0.0479661567853144,0.027957205392792367,1.0
